name,area,cuisine,price_range_per_person_usd,rating,description
Khufu's,Giza Plateau,Egyptian Contemporary,50-100,4.9,"MENA's Best Restaurant 2026; pyramid-side dining with floodlit Great Pyramid views"
Pier 88 Nile River,Zamalek,Italian,40-80,4.7,Italian fine dining moored on Nile handmade pasta and wagyu
Sachi,Heliopolis (Korba),Japanese-Mediterranean,50-90,4.8,"#27 MENA's 50 Best; reservation-only counter dining"
Kazoku,New Cairo (Festival City),Contemporary Japanese,40-80,4.6,Best sushi program in Cairo with Tokyo-trained itamae
Makino,Zamalek,Japanese,30-60,4.5,Japanese expat favorite with counter sushi and ramen
Sachi Heliopolis,Heliopolis (Korba),Japanese-Mediterranean,40-70,4.7,Sister room to flagship Sachi lighter menu
The Moghul Room,Giza (Marriott Mena House),Indian,40-80,4.6,Candlelit North Indian dining in 1869 hunting lodge
Zitouni,Nile Corniche,Egyptian,30-60,4.6,Egyptian cuisine overlooking the Nile
The Grill,Garden City (InterContinental),French,50-90,4.7,French fine dining with Nile views
La Bodeba,Zamalek,Egyptian/International,20-40,4.3,Lively bistro with Egyptian classics
Abou El Sid,Zamalek,Egyptian,15-35,4.2,"Classic Egyptian dishes in atmospheric setting; shisha available"
Zooba (Zööba),Zamalek,Egyptian Street Food,5-15,4.3,Gourmet Egyptian street food in hygienic setting
Koshary Abou Tarek,Downtown,Egyptian (Koshari),2-5,4.4,Iconic koshari institution since 1935
Crimson Bar & Grill,Zamalek,International,30-60,4.5,Posh rooftop with cocktails and Nile views
Le Pacha 1901,Zamalek,Multi-cuisine,30-70,4.4,"6 restaurants, bars and lounge on Nile boat"
CaiRoma,Downtown,Italian,10-25,4.2,Pizza and pasta in central Cairo
Oldish Restaurant & Cafe,Downtown,Egyptian/International,10-25,4.2,"Egyptian flavors meet modern culinary creativity"
139 Pavilion,Zamalek,International,20-50,4.4,Stylish venue for special occasions
Taboula,Garden City,Lebanese,15-30,4.3,Widely recommended Lebanese restaurant
O's Pasta,Zamalek,Italian,10-20,4.2,Fresh pasta at reasonable prices
Felfela,Downtown,Egyptian,5-15,4.1,"Classic falafel and Egyptian dishes since 1950s"
9 Pyramids Lounge,Giza Plateau,Egyptian,20-50,4.5,Restaurant with direct pyramid views within ticketed zone
Esca Cueva,New Giza,International,30-60,4.6,"Design award-winning restaurant with panoramic views"
Naguib Mahfouz Restaurant & Cafe,Khan el-Khalili,Egyptian,10-25,4.2,Named after Nobel laureate in historic bazaar
Reif Kushiyaki Cairo,Zamalek,Japanese,30-60,4.7,"#20 MENA's 50 Best; highest climber award 2026"
El Sheikh Mohamed,Imbaba,Egyptian,5-10,4.3,Gourmet twists on traditional Egyptian dishes
Hawawshi El Rabie,Imbaba,Egyptian Street Food,3-8,4.4,Famous for hawawshi and grilled meats
Sobhy Kaber,Downtown,Egyptian,5-10,4.1,Popular local Egyptian eatery
Tablia Balady,N/A,Egyptian,3-8,4.2,Home-style Egyptian cooking
El Horreya Cafe,Downtown,Egyptian Cafe,2-5,4.0,Historic cafe and downtown institution
Carlton Roof Garden,Downtown,International,10-25,4.1,Rooftop dining in downtown
Abo Hashem,Downtown,Egyptian,3-8,4.2,Popular fuul and falafel spot
Farahat,Islamic Cairo,Egyptian Street Food,2-5,4.3,Iconic falafel sandwich shop since 1950s
Zeeyara,Khan el-Khalili,Egyptian,10-25,4.3,Rooftop dining on El Moez Street
What the Crust,Zamalek,Italian/Pizza,10-20,4.2,Gourmet pizza in Zamalek
Abo Haider,Downtown,Egyptian,3-8,4.1,Shawarma and street food
Abo Sherif,Downtown,Egyptian,5-10,4.2,Egyptian grill and classics
Al Awda,Downtown,Egyptian,5-10,4.1,Traditional Egyptian fare
Marzipan,Zamalek,Egyptian/International,10-20,4.2,Classic homestyle dishes from yesteryear
Fasahet Somaya,N/A,Egyptian Home-cooking,5-10,4.3,Daily changing menu of Egyptian comfort classics
El Sharouk,N/A,Egyptian,2-5,4.1,Famous fuul and falafel joint
Abdullah Bashandy,N/A,Egyptian,2-5,4.1,Specialist fuul and falafel
El Hamra Shawarma,Downtown,Egyptian Street Food,3-8,4.3,Perfect shawarma spot
Seekh Mashwy Dokki,Dokki,Egyptian,5-15,4.2,Nile-view restaurant with classic Egyptian dishes
Tante,N/A,Egyptian Home-cooking,10-20,4.3,Cozy homestyle restaurant started by famous comedian
Mandarine Koueider,N/A,Egyptian Desserts,2-5,4.2,Artisan Egyptian ice cream and desserts
U Bistro & Bar,Zamalek,International/Tapas,20-40,4.3,Fancy tapas in a tucked-away location
Frank and Co,Maadi,International,10-25,4.2,Popular Maadi dining spot
Abo Ammar el Soury,Heliopolis,Mohandiseen,Syrian/Shawarma,5-10,4.3,Best shawarma in Cairo
Neama,Giza,Egyptian,5-10,4.1,Great Egyptian food to go near pyramids
Zeeyara Pyramids Elite,Giza,Egyptian,15-30,4.3,Elevated Egyptian food with pyramid views
8 Restaurant,Nile Corniche,Chinese,30-60,4.3,"Exquisite Chinese cuisine with Nile views, at Four Seasons"
Nitocris Restaurant & Cafe,Downtown,Egyptian,10-20,4.2,Egyptian dining with city views
Sequoia,Zamalek,Lebanese/International,30-60,4.3,Nile-front fine-dining with garden setting
Le Steak,Zamalek (Le Pacha),French,30-50,4.2,French cuisine on the water
Maharani,Zamalek (Le Pacha),Indian,25-45,4.1,Indian cuisine on the Nile
River Boat,Zamalek (Le Pacha),Lebanese,20-40,4.2,Lebanese favorites on boat
Le Tarbouche,Zamalek (Le Pacha),Egyptian,15-30,4.2,Egyptian home-style meals
Carlo's,Zamalek (Le Pacha),Multi-cuisine,20-40,4.2,Shisha and mixed menu
L'Asiatique,Zamalek (Le Pacha),Pan-Asian,30-50,4.3,Pan-Asian cuisine on Nile
Piccolo Mondo,Zamalek (Le Pacha),Italian,25-45,4.3,Italian on the Nile
Mövenpick Restaurant,Media City,International,15-30,4.1,Media City dining
Sofitel Restaurant,Zamalek,French/International,30-60,4.3,Sofitel dining with Nile views
Fairmont Restaurant,Boulaq,International,30-60,4.3,Fairmont Nile City dining
Kempinski Restaurant,Garden City,International,30-60,4.4,Kempinski Nile dining
Four Seasons Restaurant,Nile Plaza,International,40-80,4.5,Four Seasons fine dining
Semirarnis InterContinental Restaurants,Garden City,Multi-cuisine,30-70,4.3,9 signature restaurants including The Grill
Marriott Mena House Restaurants,Giza,Multi-cuisine,30-80,4.4,Multiple restaurants in historic palace hotel
Saigon Restaurant & Lounge,Boulaq (Fairmont),Asian Fusion,30-50,4.3,Asian fusion at Fairmont Nile City
L'Uliveto,Boulaq (Fairmont),Italian,25-45,4.2,Authentic Italian at Fairmont
Bab El Nil,Boulaq (Fairmont),Middle Eastern,20-40,4.3,Middle Eastern cuisine
Casino Bar,Heliopolis,International,15-30,4.0,Le Passage hotel dining
Champions Sports Bar,Heliopolis,American,10-20,4.0,Sports bar at Le Meridien
Mezzeh,Heliopolis,Lebanese,15-30,4.2,Lebanese at Le Meridien Airport
China Red,Heliopolis,Chinese,15-30,4.1,Chinese at Le Meridien Airport
Namaste,Downtown (Ramses Hilton),Indian,15-30,4.2,Authentic Indian cuisine
Citadel Grill,Downtown (Ramses Hilton),Mediterranean,20-40,4.2,Mediterranean grill
Garden Court,Downtown (Ramses Hilton),International,10-25,4.1,All-day dining
Breezes Lounge & Grill,Downtown (Ramses Hilton),International,20-40,4.3,Rooftop lounge on 36th floor
Opia Rooftop Lounge,Downtown (Ramses Hilton),International,25-50,4.4,Rooftop bar with Nile views
Sherlock Holmes Pub,Downtown (Ramses Hilton),British Pub,10-20,4.2,British-style pub
The Deli,Boulaq (Fairmont),Cafe/Deli,5-15,4.1,Fresh pastries and coffee
Onyx Lounge,Boulaq (Fairmont),International,15-30,4.2,Afternoon tea and lounge
Gingko Restaurant and Bar,Boulaq (Fairmont),Asian,25-45,4.3,Asian bar and restaurant
Champagne Bar,Boulaq (Fairmont),International,20-40,4.2,Champagne and social setting
Harry's Pub,Maadi,Pub Food,10-20,4.2,Popular expat pub in Maadi
Pub 28,Zamalek,Pub Food,10-20,4.1,Zamalek pub
The Tap East,Maadi,Pub Food,10-20,4.2,East Maadi pub
Kazan Restaurant,Zamalek,International,15-30,4.2,Kazan dining
Luxor Restaurant,N/A,Egyptian,10-20,4.1,Egyptian dining
Mena House Restaurant,Giza,International,30-60,4.4,Historic dining at Mena House
Sabaya,Nile Corniche,Lebanese,20-40,4.3,Lebanese at Semiramis
Birdcage,Nile Corniche,Thai,20-40,4.2,Thai at Semiramis
Pool Bar,Nile Corniche,International,10-25,4.0,Rooftop pool bar at Semiramis
